ward,street_number,street_name,street_type,quadrant,square_suffix_lot,full_address
1,2002,11TH,ST,NW,0304 0027,"2002 11TH ST NW Washington, DC"
1,2002,11TH,ST,NW,0304 0825,"2002 11TH ST NW Washington, DC"
1,2001,11TH,ST,NW,0332 0080,"2001 11TH ST NW Washington, DC"
1,982,FLORIDA,AVE,NW,0357 0098,"982 FLORIDA AVE NW Washington, DC"
1,2014,9TH,ST,NW,0360 0078,"2014 9TH ST NW Washington, DC"
1,2012,9th,ST,NW,0360 0079,"2012 9th ST NW Washington, DC"
1,900,FLORIDA,AVE,NW,0360 0102,"900 FLORIDA AVE NW Washington, DC"
1,944,WESTMINSTER,ST,NW,0362 0257,"944 WESTMINSTER ST NW Washington, DC"
1,1913,9TH,ST,NW,0393 0049,"1913 9TH ST NW Washington, DC"
1,1911,8TH,ST,NW,0416 0806,"1911 8TH ST NW Washington, DC"
1,715,S,ST,NW,0417 0036,"715 S ST NW Washington, DC"
1,1824,CALVERT,ST,NW,2548 0031,"1824 CALVERT ST NW Washington, DC"
1,2440,18TH,ST,NW,2551 0046,"2440 18TH ST NW Washington, DC"
1,2412,18TH,ST,NW,2551 0062,"2412 18TH ST NW Washington, DC"
1,2224,18TH,ST,NW,2553 0829,"2224 18TH ST NW Washington, DC"
1,2102,18TH,ST,NW,2554 0813,"2102 18TH ST NW Washington, DC"
1,2329,CHAMPLAIN,ST,NW,2563 0113,"2329 CHAMPLAIN ST NW Washington, DC"
1,2601,16TH,ST,NW,2574 0831,"2601 16TH ST NW Washington, DC"
1,1766,LANIER,PL,NW,2580 0481,"1766 LANIER PL NW Washington, DC"
1,1725,COLUMBIA,RD,NW,2581 0283,"1725 COLUMBIA RD NW Washington, DC"
1,1828,ONTARIO,PL,NW,2583 0438,"1828 ONTARIO PL NW Washington, DC"
1,2920,18TH,ST,NW,2587 0490,"2920 18TH ST NW Washington, DC"
1,3120,16TH,ST,NW,2595 0814,"3120 16TH ST NW Washington, DC"
1,1730,KENYON,ST,NW,2597 0126,"1730 KENYON ST NW Washington, DC"
1,1756,KILBOURNE,PL,NW,2600 0096,"1756 KILBOURNE PL NW Washington, DC"
1,1723,KENYON,ST,NW,2600 0130,"1723 KENYON ST NW Washington, DC"
1,2022,KLINGLE,RD,NW,2605 0027,"2022 KLINGLE RD NW Washington, DC"
1,1735,PARK,RD,NW,2613 0814,"1735 PARK RD NW Washington, DC"
1,1445,FLORIDA,AVE,NW,2660 0209,"1445 FLORIDA AVE NW Washington, DC"
1,1433,CLIFTON,ST,NW,2664 0801,"1433 CLIFTON ST NW Washington, DC"
1,1431,MONROE,ST,NW,2677 0579,"1431 MONROE ST NW Washington, DC"
1,1410,NEWTON,ST,NW,2677 0631,"1410 NEWTON ST NW Washington, DC"
1,3560,14TH,ST,NW,2688 0020,"3560 14TH ST NW Washington, DC"
1,3509,14TH,ST,NW,2827S 0053,"3509 14TH ST NW Washington, DC"
1,3571,10TH,ST,NW,2831 0042,"3571 10TH ST NW Washington, DC"
1,3550,ROCK CREEK CHURCH,RD,NW,2831 0140,"3550 ROCK CREEK CHURCH RD NW Washington, DC"
1,3520,10TH,ST,NW,2832 0833,"3520 10TH ST NW Washington, DC"
1,3528,13TH,ST,NW,2834 0113,"3528 13TH ST NW Washington, DC"
1,3451,14TH,ST,NW,2835 0079,"3451 14TH ST NW Washington, DC"
1,1356,NEWTON,ST,NW,2836 0061,"1356 NEWTON ST NW Washington, DC"
1,3415,14TH,ST,NW,2836 0120,"3415 14TH ST NW Washington, DC"
1,3417,14TH,ST,NW,2836 0121,"3417 14TH ST NW Washington, DC"
1,1014,PARK,RD,NW,2841 0110,"1014 PARK RD NW Washington, DC"
1,1345,KENYON,ST,NW,2843 0074,"1345 KENYON ST NW Washington, DC"
1,1313,IRVING,ST,NW,2848 0804,"1313 IRVING ST NW Washington, DC"
1,3013,13TH,ST,NW,2850 0168,"3013 13TH ST NW Washington, DC"
1,2703,11TH,ST,NW,2858 0017,"2703 11TH ST NW Washington, DC"
1,1123,FAIRMONT,ST,NW,2859 0046,"1123 FAIRMONT ST NW Washington, DC"
1,2628,11TH,ST,NW,2862 0077,"2628 11TH ST NW Washington, DC"
1,1125,EUCLID,ST,NW,2862 0802,"1125 EUCLID ST NW Washington, DC"
1,1021,EUCLID,ST,NW,2863 0051,"1021 EUCLID ST NW Washington, DC"
1,1008,EUCLID,ST,NW,2864 0324,"1008 EUCLID ST NW Washington, DC"
1,1101,CLIFTON,ST,NW,2865 0144,"1101 CLIFTON ST NW Washington, DC"
1,909,FLORIDA,AVE,NW,2873 0872,"909 FLORIDA AVE NW Washington, DC"
1,2114,GEORGIA,AVE,NW,2877 0930,"2114 GEORGIA AVE NW Washington, DC"
1,2200,GEORGIA,AVE,NW,2877 0968,"2200 GEORGIA AVE NW Washington, DC"
1,907,BARRY,PL,NW,2882 1034,"907 BARRY PL NW Washington, DC"
1,809,EUCLID,ST,NW,2884 0116,"809 EUCLID ST NW Washington, DC"
1,2702,GEORGIA,AVE,NW,2885 0103,"2702 GEORGIA AVE NW Washington, DC"
1,2722,GEORGIA,AVE,NW,2885 0110,"2722 GEORGIA AVE NW Washington, DC"
1,770,GIRARD,ST,NW,2885 0117,"770 GIRARD ST NW Washington, DC"
1,725,KENYON,ST,NW,2892 0843,"725 KENYON ST NW Washington, DC"
1,3218,GEORGIA,AVE,NW,2892 0879,"3218 GEORGIA AVE NW Washington, DC"
1,3412,GEORGIA,AVE,NW,2894 0076,"3412 GEORGIA AVE NW Washington, DC"
1,723,MORTON,ST,NW,2894 0091,"723 MORTON ST NW Washington, DC"
1,3400,GEORGIA,AVE,NW,2894 0911,"3400 GEORGIA AVE NW Washington, DC"
1,3611,NEW HAMPSHIRE,AVE,NW,2897 0028,"3611 NEW HAMPSHIRE AVE NW Washington, DC"
1,3120,GEORGIA,AVE,NW,2891 0826,"3120 GEORGIA AVE NW Washington, DC"
1,729,PRINCETON,PL,NW,3031 0245,"729 PRINCETON PL NW Washington, DC"
1,3619,GEORGIA,AVE,NW,3032 0803,"3619 GEORGIA AVE NW Washington, DC"
1,613,OTIS,PL,NW,3034 0235,"613 OTIS PL NW Washington, DC"
1,3611,WARDER,ST,NW,3034 0253,"3611 WARDER ST NW Washington, DC"
1,634,OTIS,PL,NW,3035 0835,"634 OTIS PL NW Washington, DC"
1,452,NEWTON,PL,NW,3036 0089,"452 NEWTON PL NW Washington, DC"
1,3540,PARK,PL,NW,3036 0102,"3540 PARK PL NW Washington, DC"
1,3550,WARDER,ST,NW,3037 0066,"3550 WARDER ST NW Washington, DC"
1,643,PARK,RD,NW,3038 0059,"643 PARK RD NW Washington, DC"
1,625,PARK,AVE,NW,3038 0097,"625 PARK AVE NW Washington, DC"
1,3215,GEORGIA,AVE,NW,3041 0053,"3215 GEORGIA AVE NW Washington, DC"
1,3308,WARDER,ST,NW,3043 0035,"3308 WARDER ST NW Washington, DC"
1,435,IRVING,ST,NW,3049 0049,"435 IRVING ST NW Washington, DC"
1,409,COLUMBIA,RD,NW,3050 0127,"409 COLUMBIA RD NW Washington, DC"
1,608,IRVING,ST,NW,3052 0124,"608 IRVING ST NW Washington, DC"
1,2711,GEORGIA,AVE,NW,3058 0829,"2711 GEORGIA AVE NW Washington, DC"
1,2128,2ND,ST,NW,3070 0062,"2128 2ND ST NW Washington, DC"
1,1940,3RD,ST,NW,3086 0025,"1940 3RD ST NW Washington, DC"
1,331,TUCKERMAN,ST,NW,3089 0049,"331 TUCKERMAN ST NW Washington, DC"
1,1027,LAMONT,ST,NW,2841 0030,"1027 LAMONT ST NW Washington, DC"
1,1325,IRVING,ST,NW A,2848 2215,"1325 IRVING ST NW A Washington, DC"
1,1325,IRVING,ST,NW B,2848 2216,"1325 IRVING ST NW B Washington, DC"
1,1212,EUCLID,ST,NW,2865 0077,"1212 EUCLID ST NW Washington, DC"
2,2512,L,ST,NW,0015 0030,"2512 L ST NW Washington, DC"
2,2121,NEWPORT,PL,NW,0069 0194,"2121 NEWPORT PL NW Washington, DC"
2,1920,N,ST,NW,0116 0847,"1920 N ST NW Washington, DC"
2,1136,19TH,ST,NW,0117 0060,"1136 19TH ST NW Washington, DC"
2,1519,NEW HAMPSHIRE,AVE,NW,0136 0010,"1519 NEW HAMPSHIRE AVE NW Washington, DC"
2,1719,CORCORAN,ST,NW,0155 0168,"1719 CORCORAN ST NW Washington, DC"
2,1520,T,ST,NW,0191 0046,"1520 T ST NW Washington, DC"
2,1449,SWANN,ST,NW,0206 0174,"1449 SWANN ST NW Washington, DC"
2,1714 - 1716,14TH,ST,NW,0207 0816,"1714 - 1716 14TH ST NW Washington, DC"
2,1323,Q,ST,NW,0240 0075,"1323 Q ST NW Washington, DC"
2,1316,R,ST,NW Unit 1,0240 2008,"1316 R ST NW Unit 1 Washington, DC"
2,1204,P,ST,NW,0279 0803,"1204 P ST NW Washington, DC"
2,1103,Q,ST,NW,0309 0048,"1103 Q ST NW Washington, DC"
2,1400,9TH,ST,NW,0366 0800,"1400 9TH ST NW Washington, DC"
2,620,I,ST,NW,0453 0817,"620 I ST NW Washington, DC"
2,618,I,ST,NW,0453 0818,"618 I ST NW Washington, DC"
2,616,i,sty,NW,0453 0819,"616 i sty NW Washington, DC"
2,608,I,ST,NW,0453 0834,"608 I ST NW Washington, DC"
2,473,H,ST,NW,0517 0835,"473 H ST NW Washington, DC"
2,704,3RD,ST,NW,0529 0845,"704 3RD ST NW Washington, DC"
2,1033,31ST,ST,NW,1190 0072,"1033 31ST ST NW Washington, DC"
2,3348,PROSPECT,ST,NW,1205 0814,"3348 PROSPECT ST NW Washington, DC"
2,1249,WISCONSIN,AVE,NW,1208 0052,"1249 WISCONSIN AVE NW Washington, DC"
2,1422,WISCONSIN,AVE,NW,1244 0868,"1422 WISCONSIN AVE NW Washington, DC"
2,1424,WISCONSIN,AVE,NW,1244 0869,"1424 WISCONSIN AVE NW Washington, DC"
2,3513,O,ST,NW,1247 0849,"3513 O ST NW Washington, DC"
2,3341,P,ST,NW,1254 0807,"3341 P ST NW Washington, DC"
2,3210,VOLTA,PL,NW,1255 0226,"3210 VOLTA PL NW Washington, DC"
2,2737,O,ST,NW,1260 0830,"2737 O ST NW Washington, DC"
2,3217,P,ST,NW,1271 0856,"3217 P ST NW Washington, DC"
2,1633,31ST,ST,NW,1282 0274,"1633 31ST ST NW Washington, DC"
2,1724,34TH,ST,NW,1297 0074,"1724 34TH ST NW Washington, DC"
2,3616,T,ST,NW,1306 0051,"3616 T ST NW Washington, DC"
2,3800,T,ST,NW,1311 0070,"3800 T ST NW Washington, DC"
2,2550,MASSACHUSETTS,AVE,NW,2500 0056,"2550 MASSACHUSETTS AVE NW Washington, DC"
3,3760,BENTON,ST,NW,1301 0674,"3760 BENTON ST NW Washington, DC"
3,1617,44TH,ST,NW,1327 0027,"1617 44TH ST NW Washington, DC"
3,4433,P,ST,NW,1353 0830,"4433 P ST NW Washington, DC"
3,4621,CLARK,PL,NW,1358 0062,"4621 CLARK PL NW Washington, DC"
3,5135,KLINGLE,ST,NW,1435 0088,"5135 KLINGLE ST NW Washington, DC"
3,4823,ALTON,PL,NW,1498 0034,"4823 ALTON PL NW Washington, DC"
3,3809,47TH,ST,NW,1515 0809,"3809 47TH ST NW Washington, DC"
3,4205,48TH,PL,NW,1530 0003,"4205 48TH PL NW Washington, DC"
3,4731,MASSACHUSETTS,AVE,NW,1531 0811,"4731 MASSACHUSETTS AVE NW Washington, DC"
3,4517,RIVER,RD,NW,1574 0016,"4517 RIVER RD NW Washington, DC"
3,4704,WISCONSIN,AVE,NW,1733 0833,"4704 WISCONSIN AVE NW Washington, DC"
3,4012,EDMUNDS,ST,NW,1807 0049,"4012 EDMUNDS ST NW Washington, DC"
3,5303,CONNECTICUT,AVE,NW,1873 0070,"5303 CONNECTICUT AVE NW Washington, DC"
3,3738,APPLETON,ST,NW,1888 0077,"3738 APPLETON ST NW Washington, DC"
3,4228,RENO,RD,NW,1895 0046,"4228 RENO RD NW Washington, DC"
3,3640,VEAZEY,ST,NW,1896 0012,"3640 VEAZEY ST NW Washington, DC"
3,2700,36TH,ST,NW,1933 0001,"2700 36TH ST NW Washington, DC"
3,3539,ALTON,PL,NW,1970 0076,"3539 ALTON PL NW Washington, DC"
3,3619,CHESAPEAKE,ST,NW,1979 0022,"3619 CHESAPEAKE ST NW Washington, DC"
3,5101,CONNECTICUT,AVE,NW,1989 0044,"5101 CONNECTICUT AVE NW Washington, DC"
3,3614,MORRISON,ST,NW,1994 0017,"3614 MORRISON ST NW Washington, DC"
3,5331,NEBRASKA,AVE,NW,2027 0016,"5331 NEBRASKA AVE NW Washington, DC"
3,3601,34TH,ST,NW,2061 0096,"3601 34TH ST NW Washington, DC"
3,3412,CONNECTICUT,AVE,NW,2069 0818,"3412 CONNECTICUT AVE NW Washington, DC"
3,3401,LOWELL,ST,NW,2089 0828,"3401 LOWELL ST NW Washington, DC"
3,3101,WOODLAND,DR,NW,2126 0001,"3101 WOODLAND DR NW Washington, DC"
3,4111,CONNECTICUT,AVE,NW,2243 0051,"4111 CONNECTICUT AVE NW Washington, DC"
3,3060,ELLICOTT,ST,NW,2267 0003,"3060 ELLICOTT ST NW Washington, DC"
4,3115,RITTENHOUSE,ST,NW,2332 0042,"3115 RITTENHOUSE ST NW Washington, DC"
4,6626,31ST,PL,NW,2357 0022,"6626 31ST PL NW Washington, DC"
4,6704,OREGON,AVE,NW,2359 0833,"6704 OREGON AVE NW Washington, DC"
4,4344,BLAGDEN,AVE,NW,2659 0037,"4344 BLAGDEN AVE NW Washington, DC"
4,4008,14TH,ST,NW,2694 0007,"4008 14TH ST NW Washington, DC"
4,1421,UPSHUR,ST,NW,2697 0042,"1421 UPSHUR ST NW Washington, DC"
4,1419,UPSHUR,ST,NW,2697 0813,"1419 UPSHUR ST NW Washington, DC"
4,1521,VARNUM,ST,NW,2698 0047,"1521 VARNUM ST NW Washington, DC"
4,1412,WEBSTER,ST,NW,2699 0033,"1412 WEBSTER ST NW Washington, DC"
4,4317,15TH,ST,NW,2699 0062,"4317 15TH ST NW Washington, DC"
4,4602,14TH,ST,NW,2704 0017,"4602 14TH ST NW Washington, DC"
4,1503,DECATUR,ST,NW,2708 0036,"1503 DECATUR ST NW Washington, DC"
4,1408,DELAFIELD,PL,NW,2709 0012,"1408 DELAFIELD PL NW Washington, DC"
4,5808,14TH,ST,NW,2724 0810,"5808 14TH ST NW Washington, DC"
4,6341,16TH,ST,NW,2730 0027,"6341 16TH ST NW Washington, DC"
4,1429,VAN BUREN,ST,NW,2732 0009,"1429 VAN BUREN ST NW Washington, DC"
4,8165,BEACH,DR,NW,2759 0007,"8165 BEACH DR NW Washington, DC"
4,1351,UNDERWOOD,ST,NW,2785 0011,"1351 UNDERWOOD ST NW Washington, DC"
4,1380,RITTENHOUSE,ST,NW,2790 0088,"1380 RITTENHOUSE ST NW Washington, DC"
4,1357,NICHOLSON,ST,NW,2794 0012,"1357 NICHOLSON ST NW Washington, DC"
4,1353,INGRAHAM,ST,NW,2803 0095,"1353 INGRAHAM ST NW Washington, DC"
4,5313,14TH,ST,NW,2803 0124,"5313 14TH ST NW Washington, DC"
4,1325,INGRAHAM,ST,NW,2803 0129,"1325 INGRAHAM ST NW Washington, DC"
4,1376,TAYLOR,ST,NW,2823 0088,"1376 TAYLOR ST NW Washington, DC"
4,3927,14TH,ST,NW,2824 0048,"3927 14TH ST NW Washington, DC"
4,1349,RANDOLPH,ST,NW,2824 0103,"1349 RANDOLPH ST NW Washington, DC"
4,1343,RANDOLPH,ST,NW,2824 0820,"1343 RANDOLPH ST NW Washington, DC"
4,3718,13TH,ST,NW,2826 0084,"3718 13TH ST NW Washington, DC"
4,1232,QUINCY,ST,NW,2902 0119,"1232 QUINCY ST NW Washington, DC"
4,1208,SHEPHERD,ST,NW,2907 0033,"1208 SHEPHERD ST NW Washington, DC"
4,1221,RANDOLPH,ST,NW,2907 0070,"1221 RANDOLPH ST NW Washington, DC"
4,1221,SHEPHERD,ST,NW,2908 0050,"1221 SHEPHERD ST NW Washington, DC"
4,953,SHEPHERD,ST,NW,2909 0087,"953 SHEPHERD ST NW Washington, DC"
4,4128,GEORGIA,AVE,NW,2910 0034,"4128 GEORGIA AVE NW Washington, DC"
4,1202,DECATUR,ST,NW,2921 0033,"1202 DECATUR ST NW Washington, DC"
4,1213,EMERSON,ST,NW,2926 0008,"1213 EMERSON ST NW Washington, DC"
4,1203,INGRAHAM,ST,NW,2930 0073,"1203 INGRAHAM ST NW Washington, DC"
4,201,KENNEDY,ST,NW,2933 0001,"201 KENNEDY ST NW Washington, DC"
4,5704,GEORGIA,AVE,NW,2935 0067,"5704 GEORGIA AVE NW Washington, DC"
4,1243,ROCK CREEK FORD,RD,NW,2938 0826,"1243 ROCK CREEK FORD RD NW Washington, DC"
4,7110,9TH,ST,NW,2965 0065,"7110 9TH ST NW Washington, DC"
4,7106,9TH,ST,NW,2965 0066,"7106 9TH ST NW Washington, DC"
4,802,RITTENHOUSE,ST,NW,2981 0079,"802 RITTENHOUSE ST NW Washington, DC"
4,804,QUACKENBOS,ST,NW,2984 0003,"804 QUACKENBOS ST NW Washington, DC"
4,5915,GEORGIA,AVE,NW,2986 0862,"5915 GEORGIA AVE NW Washington, DC"
4,5739,9TH,ST,NW,2989 0127,"5739 9TH ST NW Washington, DC"
4,925,KENNEDY,ST,NW,2992 0081,"925 KENNEDY ST NW Washington, DC"
4,5405,GEORGIA,AVE,NW,2996 0062,"5405 GEORGIA AVE NW Washington, DC"
4,825,INGRAHAM,ST,NW,2999 0028,"825 INGRAHAM ST NW Washington, DC"
4,931,HAMILTON,ST,NW,3001 0801,"931 HAMILTON ST NW Washington, DC"
4,825,EMERSON,ST,NW,3009 0066,"825 EMERSON ST NW Washington, DC"
4,815,DECATUR,ST,NW,3010 0124,"815 DECATUR ST NW Washington, DC"
4,909,CRITTENDEN,ST,NW,3012 0052,"909 CRITTENDEN ST NW Washington, DC"
4,4622,8TH,ST,NW,3014 0102,"4622 8TH ST NW Washington, DC"
4,4526,9TH,ST,NW,3016 0021,"4526 9TH ST NW Washington, DC"
4,817,WEBSTER,ST,NW,3019 0045,"817 WEBSTER ST NW Washington, DC"
4,838,VARNUM,ST,NW,3024 0816,"838 VARNUM ST NW Washington, DC"
4,847,UPSHUR,ST,NW,3024 0819,"847 UPSHUR ST NW Washington, DC"
4,4203,GEORGIA,AVE,NW,3024W 0801,"4203 GEORGIA AVE NW Washington, DC"
4,3812,8TH,ST,NW,3028 0035,"3812 8TH ST NW Washington, DC"
4,3831,GEORGIA,AVE,NW,3028 0809,"3831 GEORGIA AVE NW Washington, DC"
4,805,ROCK CREEK CHURCH,RD,NW,3030 0015,"805 ROCK CREEK CHURCH RD NW Washington, DC"
4,723,SHEPHERD,ST,NW,3134 0076`,"723 SHEPHERD ST NW Washington, DC"
4,4117,8TH,ST,NW,3135 0803,"4117 8TH ST NW Washington, DC"
4,4609,8TH,ST,NW,3142 0027,"4609 8TH ST NW Washington, DC"
4,5103,8TH,ST,NW,3149 0058,"5103 8TH ST NW Washington, DC"
4,732,INGRAHAM,ST,NW,3150 0008,"732 INGRAHAM ST NW Washington, DC"
4,608,WHITTIER,ST,NW,3166 0038,"608 WHITTIER ST NW Washington, DC"
4,7443,8TH,ST,NW,3178 0075,"7443 8TH ST NW Washington, DC"
4,607,SHERIDAN,ST,NW,3198 0017,"607 SHERIDAN ST NW Washington, DC"
4,6319,7TH,ST,NW,3198 0083,"6319 7TH ST NW Washington, DC"
4,5419,7TH,ST,NW,3208 0045,"5419 7TH ST NW Washington, DC"
4,625,JEFFERSON,ST,NW,3208 0056,"625 JEFFERSON ST NW Washington, DC"
4,515,JEFFERSON,ST,NW,3208 0812,"515 JEFFERSON ST NW Washington, DC"
4,524,JEFFERSON,ST,NW,3209 0102,"524 JEFFERSON ST NW Washington, DC"
4,613,HAMILTON,ST,NW,3210 0111,"613 HAMILTON ST NW Washington, DC"
4,541,QUINCY,ST,NW,3233 0063,"541 QUINCY ST NW Washington, DC"
4,618,RANDOLPH,ST,NW,3233 0099,"618 RANDOLPH ST NW Washington, DC"
4,517,ROCK CREEK CHURCH,RD,NW,3234 0055,"517 ROCK CREEK CHURCH RD NW Washington, DC"
4,4425,5TH,ST,NW,3247 0023,"4425 5TH ST NW Washington, DC"
4,4427,5TH,ST,NW,3247 0024,"4427 5TH ST NW Washington, DC"
4,406,KENNEDY,ST,NW,3259 0040,"406 KENNEDY ST NW Washington, DC"
4,6019,4TH,ST,NW,3289 0072,"6019 4TH ST NW Washington, DC"
4,5311,4TH,ST,NW,3297 0021,"5311 4TH ST NW Washington, DC"
4,312,GALLATIN,ST,NW,3302 0061,"312 GALLATIN ST NW Washington, DC"
4,4109,3RD,ST,NW,3316 0068,"4109 3RD ST NW Washington, DC"
4,200,HAMILTON,ST,NW,3326 0088,"200 HAMILTON ST NW Washington, DC"
4,245,INGRAHAM,ST,NW,3328 0018,"245 INGRAHAM ST NW Washington, DC"
4,5406,KANSAS,AVE,NW,3330 0008,"5406 KANSAS AVE NW Washington, DC"
4,221,MISSOURI,AVE,NW,3331 0042,"221 MISSOURI AVE NW Washington, DC"
4,205,OGLETHORPE,ST,NW,3337 0102,"205 OGLETHORPE ST NW Washington, DC"
4,200,TUCKERMAN,ST,NW,3343 0813,"200 TUCKERMAN ST NW Washington, DC"
4,207,UNDERWOOD,ST,NW,3345 0830,"207 UNDERWOOD ST NW Washington, DC"
4,18,VAN BUREN,ST,NW,3367 0077,"18 VAN BUREN ST NW Washington, DC"
4,133,LONGFELLOW,ST,NW,3387 0089,"133 LONGFELLOW ST NW Washington, DC"
4,22,MADISON,ST,NW,3388 0103,"22 MADISON ST NW Washington, DC"
4,5408,1ST,ST,NW,3391 0031,"5408 1ST ST NW Washington, DC"
4,14-20,KENNEDY,ST,NW,3393 0060,"14-20 KENNEDY ST NW Washington, DC"
4,54,RIGGS,RD,NE,3704 0813,"54 RIGGS RD NE Washington, DC"
4,1,MCDONALD,PL,NE,3709 0832,"1 MCDONALD PL NE Washington, DC"
4,6121,3RD,ST,NE,3731 0068,"6121 3RD ST NE Washington, DC"
4,637,OGLETHORPE,ST,NE,3736 0093,"637 OGLETHORPE ST NE Washington, DC"
4,618,KENSINGTON,PL,NE,3740 0030,"618 KENSINGTON PL NE Washington, DC"
4,746,KENNEDY,ST,NE,3742 0015,"746 KENNEDY ST NE Washington, DC"
4,700,KENNEDY,ST,NE,3742 0031,"700 KENNEDY ST NE Washington, DC"
4,1910,SUDBURY,RD,NW,PAR 00770190,"1910 SUDBURY RD NW Washington, DC"
4,3700,14TH,ST,NW,2692 0043,"3700 14TH ST NW Washington, DC"
4,1300,JEFFERSON,ST,NW,2803 0097,"1300 JEFFERSON ST NW Washington, DC"
4,802,FARRAGUT,ST,NW,3009 0082,"802 FARRAGUT ST NW Washington, DC"
4,315,UPSHUR,ST,NW,3311 0085,"315 UPSHUR ST NW Washington, DC"
5,716,JACKSON,ST,NE,0167 0819,"716 JACKSON ST NE Washington, DC"
5,225,R,ST,NW,0550 0032,"225 R ST NW Washington, DC"
5,228,Q,ST,NW,0552 0062,"228 Q ST NW Washington, DC"
5,108,Q,ST,NW,0552 0097,"108 Q ST NW Washington, DC"
5,1522,1ST,ST,NW,0552 0164,"1522 1ST ST NW Washington, DC"
5,117,NEW YORK,AVE,NW,0555 0147,"117 NEW YORK AVE NW Washington, DC"
5,24,Q,ST,NW,0615 0065,"24 Q ST NW Washington, DC"
5,1310,NORTH CAPITOL,ST,NW,0617 0216,"1310 NORTH CAPITOL ST NW Washington, DC"
5,32,O,ST,NW,0617 0229,"32 O ST NW Washington, DC"
5,45,NEW YORK,AVE,NW,0618 0036,"45 NEW YORK AVE NW Washington, DC"
5,69,NEW YORK,AVE,NW,0618 0048,"69 NEW YORK AVE NW Washington, DC"
5,61,QUINCY,PL,NW,3101 0053,"61 QUINCY PL NW Washington, DC"
5,1720,1ST,ST,NW,3104 0814,"1720 1ST ST NW Washington, DC"
5,118,THOMAS,ST,NW,3113 0098,"118 THOMAS ST NW Washington, DC"
5,29,U,ST,NW,3117 0009,"29 U ST NW Washington, DC"
5,71,U,ST,NW,3117 0030,"71 U ST NW Washington, DC"
5,87,V,ST,NW,3118 0023,"87 V ST NW Washington, DC"
5,42,BRYANT,ST,NW,3124 0100,"42 BRYANT ST NW Washington, DC"
5,2330,1ST,ST,NW,3125 0062,"2330 1ST ST NW Washington, DC"
5,128,BRYANT,ST,NW,3125 0108,"128 BRYANT ST NW Washington, DC"
5,53,BRYANT,ST,NW,3127 0105,"53 BRYANT ST NW Washington, DC"
5,14,CHANNING,ST,NW,3127 0152,"14 CHANNING ST NW Washington, DC"
5,87,HAWTHORNE,CT,NE,3499 2396,"87 HAWTHORNE CT NE Washington, DC"
5,31,MICHIGAN,AVE,NE,3500 0051,"31 MICHIGAN AVE NE Washington, DC"
5,2607,NORTH CAPITOL,ST,NE,3502 0041,"2607 NORTH CAPITOL ST NE Washington, DC"
5,1712,LINCOLN,RD,NE,3513 0800,"1712 LINCOLN RD NE Washington, DC"
5,26,FLORIDA,AVE,NE,3516 0071,"26 FLORIDA AVE NE Washington, DC"
5,20,FLORIDA,AVE,NE,3516 0074,"20 FLORIDA AVE NE Washington, DC"
5,13,Q,ST,NE,3516 0120,"13 Q ST NE Washington, DC"
5,23,Q,ST,NE,3516 0125,"23 Q ST NE Washington, DC"
5,158,TODD,PL,NE,3533 0093,"158 TODD PL NE Washington, DC"
5,1941,SUMMIT,PL,NE,3533 0108,"1941 SUMMIT PL NE Washington, DC"
5,113,U,ST,NE,3533 0176,"113 U ST NE Washington, DC"
5,158,U,ST,NE,3535E 0067,"158 U ST NE Washington, DC"
5,140,UHLAND,TER,NE,3535E 0118,"140 UHLAND TER NE Washington, DC"
5,201,DOUGLAS,ST,NE,3553 0084,"201 DOUGLAS ST NE Washington, DC"
5,227,DOUGLAS,ST,NE,3553 0097,"227 DOUGLAS ST NE Washington, DC"
5,222,SEATON,PL,NE,3568 0032,"222 SEATON PL NE Washington, DC"
5,2620,6TH,ST,NE,3634 0041,"2620 6TH ST NE Washington, DC"
5,2808,5TH,ST,NE,3639 0013,"2808 5TH ST NE Washington, DC"
5,2805,4TH,ST,NE,3639 0827,"2805 4TH ST NE Washington, DC"
5,632,FRANKLIN,ST,NE,3641 0079,"632 FRANKLIN ST NE Washington, DC"
5,709,JACKSON,ST,NE,3649 0810,"709 JACKSON ST NE Washington, DC"
5,719,KEARNY,ST,NE,3650 0024,"719 KEARNY ST NE Washington, DC"
5,121,VICTOR,ST,NE,3668 0073,"121 VICTOR ST NE Washington, DC"
5,5383,CHILLUM,PL,NE,3749 0060,"5383 CHILLUM PL NE Washington, DC"
5,675,JEFFERSON,ST,NE,3749 0094,"675 JEFFERSON ST NE Washington, DC"
5,933,JEFFERSON,ST,NE,3749 0130,"933 JEFFERSON ST NE Washington, DC"
5,5161,7TH,ST,NE,3755 0017,"5161 7TH ST NE Washington, DC"
5,643,GALLATIN,ST,NE,3777 0035,"643 GALLATIN ST NE Washington, DC"
5,732,EMERSON,ST,NE,3782 0046,"732 EMERSON ST NE Washington, DC"
5,4973,8TH,ST,NE,3785 0021,"4973 8TH ST NE Washington, DC"
5,608,AVA,CIR,NE,3788 0861,"608 AVA CIR NE Washington, DC"
5,901,VARNUM,ST,NE,3810 0062,"901 VARNUM ST NE Washington, DC"
5,4332,VARNUM,PL,NE,3810 0089,"4332 VARNUM PL NE Washington, DC"
5,4041,7TH,ST,NE,3817 0021,"4041 7TH ST NE Washington, DC"
5,914,EVARTS,ST,NE,3841 0068,"914 EVARTS ST NE Washington, DC"
5,2626,10TH,ST,NE,3843 0028,"2626 10TH ST NE Washington, DC"
5,1014,RHODE ISLAND,AVE,NE,3871 0056,"1014 RHODE ISLAND AVE NE Washington, DC"
5,1023,VARNUM,ST,NE,3891 0101,"1023 VARNUM ST NE Washington, DC"
5,1225,FARADAY,PL,NE,3909 0063,"1225 FARADAY PL NE Washington, DC"
5,4216,12TH,PL,NE,3920 0091,"4216 12TH PL NE Washington, DC"
5,4212,12TH,PL,NE,3920 0093,"4212 12TH PL NE Washington, DC"
5,1241,PERRY,ST,NE,3926 0050,"1241 PERRY ST NE Washington, DC"
5,1248,HAMLIN,ST,NE,3933 0039,"1248 HAMLIN ST NE Washington, DC"
5,1352,BRYANT,ST,NE,3953 0010,"1352 BRYANT ST NE Washington, DC"
5,1322,HAMLIN,ST,NE,3959 0019,"1322 HAMLIN ST NE Washington, DC"
5,1339,KEARNY,ST,NE,3961 0020,"1339 KEARNY ST NE Washington, DC"
5,1338,TAYLOR,ST,NE,3971 0002,"1338 TAYLOR ST NE Washington, DC"
5,4414,13TH,PL,NE,3975 0057,"4414 13TH PL NE Washington, DC"
5,1347,WEBSTER,ST,NE,3975 0821,"1347 WEBSTER ST NE Washington, DC"
5,5015,14TH,ST,NE,3977 0093,"5015 14TH ST NE Washington, DC"
5,1433,IRVING,ST,NE,4016 0017,"1433 IRVING ST NE Washington, DC"
5,2342,14TH,ST,NE,4027 0030,"2342 14TH ST NE Washington, DC"
5,966,MOUNT OLIVET,RD,NE,4039 0808,"966 MOUNT OLIVET RD NE Washington, DC"
5,1903,CAPITOL,AVE,NE,4045 0020,"1903 CAPITOL AVE NE Washington, DC"
5,1916,WEST VIRGINIA,AVE,NE,4045 0033,"1916 WEST VIRGINIA AVE NE Washington, DC"
5,1844,KENDALL,ST,NE,4048 0808,"1844 KENDALL ST NE Washington, DC"
5,1722,WEST VIRGINIA,AVE,NE,4051 0001,"1722 WEST VIRGINIA AVE NE Washington, DC"
5,1228,RAUM,ST,NE,4052 0105,"1228 RAUM ST NE Washington, DC"
5,1253,MOUNT OLIVET,RD,NE,4052 0145,"1253 MOUNT OLIVET RD NE Washington, DC"
5,1240,SIMMS,PL,NE,4052 0154,"1240 SIMMS PL NE Washington, DC"
5,1236,SIMMS,PL,NE,4052 0156,"1236 SIMMS PL NE Washington, DC"
5,1734,MONTELLO,AVE,NE,4053 0013,"1734 MONTELLO AVE NE Washington, DC"
5,1270,MEIGS,PL,NE,4055 0135,"1270 MEIGS PL NE Washington, DC"
5,1208,HOLBROOK,TER,NE,4055 0182,"1208 HOLBROOK TER NE Washington, DC"
5,1268,PENN,ST,NE,4057 0133,"1268 PENN ST NE Washington, DC"
5,1230,QUEEN,ST,NE,4057 0817,"1230 QUEEN ST NE Washington, DC"
5,1248,OATES,ST,NE,4060 0061,"1248 OATES ST NE Washington, DC"
5,1230,OWEN,PL,NE,4060 0160,"1230 OWEN PL NE Washington, DC"
5,1263,OWEN,PL,NE,4060 0198,"1263 OWEN PL NE Washington, DC"
5,1277,PENN,ST,NE,4060 0238,"1277 PENN ST NE Washington, DC"
5,1319,STAPLES,ST,NE,4062 0076,"1319 STAPLES ST NE Washington, DC"
5,1309,TRINIDAD,AVE,NE,4062 0200,"1309 TRINIDAD AVE NE Washington, DC"
5,1315,TRINIDAD,AVE,NE,4062 0203,"1315 TRINIDAD AVE NE Washington, DC"
5,1215,OATES,ST,NE,4063 0809,"1215 OATES ST NE Washington, DC"
5,1159,OATES,ST,NE,4064 0128,"1159 OATES ST NE Washington, DC"
5,1201,WEST VIRGINIA,AVE,NE,4065 0105,"1201 WEST VIRGINIA AVE NE Washington, DC"
5,1286,MORSE,ST,NE,4066 0057,"1286 MORSE ST NE Washington, DC"
5,1120,ORREN,ST,NE,4068 0060,"1120 ORREN ST NE Washington, DC"
5,1114,HOLBROOK,ST,NE,4068 0170,"1114 HOLBROOK ST NE Washington, DC"
5,1108,HOLBROOK,ST,NE,4068 0173,"1108 HOLBROOK ST NE Washington, DC"
5,1518,QUEEN,ST,NE,4076 0239,"1518 QUEEN ST NE Washington, DC"
5,1532,LEVIS,ST,NE,4076 0806,"1532 LEVIS ST NE Washington, DC"
5,1321,CHILDRESS,ST,NE,4076W 0079,"1321 CHILDRESS ST NE Washington, DC"
5,1223,16TH,ST,NE,4078 0209,"1223 16TH ST NE Washington, DC"
5,1221,16TH,ST,NE,4078 0210,"1221 16TH ST NE Washington, DC"
5,2410,21ST,PL,NE,4110 0011,"2410 21ST PL NE Washington, DC"
5,1876,BRYANT,ST,NE,4112 0849,"1876 BRYANT ST NE Washington, DC"
5,2226,16TH,ST,NE,4117 0010,"2226 16TH ST NE Washington, DC"
5,2211,14TH,ST,NE,4118 0055,"2211 14TH ST NE Washington, DC"
5,1700,IRVING,ST,NE,4138 0024,"1700 IRVING ST NE Washington, DC"
5,3217,17TH,ST,NE,4142 0025,"3217 17TH ST NE Washington, DC"
5,3504,18TH,ST,NE,4147 0043,"3504 18TH ST NE Washington, DC"
5,1706,OTIS,ST,NE,4151 0007,"1706 OTIS ST NE Washington, DC"
5,4112,18TH,ST,NE,4159 0009,"4112 18TH ST NE Washington, DC"
5,1658,VARNUM,PL,NE,4167 0063,"1658 VARNUM PL NE Washington, DC"
5,1825,HAMLIN,ST,NE,4210 0822,"1825 HAMLIN ST NE Washington, DC"
5,2730,22ND,ST,NE,4214 0819,"2730 22ND ST NE Washington, DC"
5,2123,KEARNY,ST,NE,4220 0047,"2123 KEARNY ST NE Washington, DC"
5,2006,SHEPHERD,ST,NE,4230 0047,"2006 SHEPHERD ST NE Washington, DC"
5,2000,VARNUM,ST,NE,4233 0006,"2000 VARNUM ST NE Washington, DC"
5,2416,HAMLIN,PL,NE,4250 0007,"2416 HAMLIN PL NE Washington, DC"
5,3052,THAYER,ST,NE,4250 0808,"3052 THAYER ST NE Washington, DC"
5,2241,DOUGLAS,ST,NE,4255 0829,"2241 DOUGLAS ST NE Washington, DC"
5,3700,30TH,PL,NE,4304 0007,"3700 30TH PL NE Washington, DC"
5,2911,RHODE ISLAND,AVE,NE,4310 0808,"2911 RHODE ISLAND AVE NE Washington, DC"
5,2845,MONROE,ST,NE,4316 0024,"2845 MONROE ST NE Washington, DC"
5,2837,BRENTWOOD,RD,NE,4317 0033,"2837 BRENTWOOD RD NE Washington, DC"
5,2904,CARLTON,AVE,NE,4318 0818,"2904 CARLTON AVE NE Washington, DC"
5,2611,MYRTLE,AVE,NE,4318 0860,"2611 MYRTLE AVE NE Washington, DC"
5,2815,MYRTLE,AVE,NE,4319 0808,"2815 MYRTLE AVE NE Washington, DC"
5,3042,CLINTON,ST,NE,4319 0833,"3042 CLINTON ST NE Washington, DC"
5,3065,CLINTON,ST,NE,4320 0052,"3065 CLINTON ST NE Washington, DC"
5,3261,FORT LINCOLN,DR,NE,4325 1012,"3261 FORT LINCOLN DR NE Washington, DC"
5,3406,SUMMIT,CT,NE,4325 2303,"3406 SUMMIT CT NE Washington, DC"
5,3132,BERRY,RD,NE,4326 2220,"3132 BERRY RD NE Washington, DC"
5,3150,BERRY,RD,NE,4326 2229,"3150 BERRY RD NE Washington, DC"
5,2824,30TH,ST,NE,4338 0009,"2824 30TH ST NE Washington, DC"
5,2901,SOUTH DAKOTA,AVE,NE,4339 0030,"2901 SOUTH DAKOTA AVE NE Washington, DC"
5,2610,EVARTS,ST,NE,4347 0022,"2610 EVARTS ST NE Washington, DC"
5,2613,BLADENSBURG,RD,NE,4353 0041,"2613 BLADENSBURG RD NE Washington, DC"
5,3027,CHANNING,ST,NE,4360 0062,"3027 CHANNING ST NE Washington, DC"
5,3105,DOUGLAS,ST,NE,4361 0037,"3105 DOUGLAS ST NE Washington, DC"
5,2217,RAND,PL,NE,4409 0141,"2217 RAND PL NE Washington, DC"
5,1925,M,ST,NE,4469 0086,"1925 M ST NE Washington, DC"
5,2017,M,ST,NE,4469 0113,"2017 M ST NE Washington, DC"
5,1840,L,ST,NE,4470 0080,"1840 L ST NE Washington, DC"
5,1800,L,ST,NE,4470 0100,"1800 L ST NE Washington, DC"
5,1742,L,ST,NE,4470 0108,"1742 L ST NE Washington, DC"
5,1745,L,ST,NE,4474 0100,"1745 L ST NE Washington, DC"
5,1830,I,ST,NE,4488 0031,"1830 I ST NE Washington, DC"
5,1801,MARYLAND,AVE,NE,4488 0036,"1801 MARYLAND AVE NE Washington, DC"
5,802,21ST,ST,NE,4495 0018,"802 21ST ST NE Washington, DC"
5,821,20TH,ST,NE,4495 0030,"821 20TH ST NE Washington, DC"
5,802,21ST,ST,NE,4495 0055,"802 21ST ST NE Washington, DC"
5,849,19TH,ST,NE,4495 0075,"849 19TH ST NE Washington, DC"
5,1915,H,ST,NE,4506 0128,"1915 H ST NE Washington, DC"
5,1933,H,ST,NE,4506 0137,"1933 H ST NE Washington, DC"
5,1901,H,ST,NE,4506 0151,"1901 H ST NE Washington, DC"
5,1804,BENNING,RD,NE,4507 0124,"1804 BENNING RD NE Washington, DC"
5,1809,H,ST,NE,4507 0154,"1809 H ST NE Washington, DC"
5,2948,MILLS,AVE,NE,PAR 01550235,"2948 MILLS AVE NE Washington, DC"
5,1810,RANDOLPH,ST,NE,PAR 01570091,"1810 RANDOLPH ST NE Washington, DC"
5,53,R,ST,NE,3521 0078,"53 R ST NE Washington, DC"
6,1813,WILTBERGER,ST,NW,0441 0088,"1813 WILTBERGER ST NW Washington, DC"
6,1602,6TH,ST,NW,0444 0163,"1602 6TH ST NW Washington, DC"
6,1720,NEW JERSEY,AVE,NW,0508 0072,"1720 NEW JERSEY AVE NW Washington, DC"
6,436,Q,ST,NW,0510 0159,"436 Q ST NW Washington, DC"
6,410,N,ST,NW,0513 0862,"410 N ST NW Washington, DC"
6,459,MASSACHUSETTS,AVE,NW,0516S 0027,"459 MASSACHUSETTS AVE NW Washington, DC"
6,318,M,ST,NW,0524 0801,"318 M ST NW Washington, DC"
6,1521,1ST,ST,SW,0601 0031,"1521 1ST ST SW Washington, DC"
6,1543,1ST,ST,SW,0601 0051,"1543 1ST ST SW Washington, DC"
6,48,NEW YORK,AVE,NW,0619 0025,"48 NEW YORK AVE NW Washington, DC"
6,40,K,ST,NW,0622 0049,"40 K ST NW Washington, DC"
6,1421,CARROLLSBURG,PL,SW,0655 0106,"1421 CARROLLSBURG PL SW Washington, DC"
6,1222,1ST,ST,NE,0672 0844,"1222 1ST ST NE Washington, DC"
6,510,1ST,ST,SE,0736 0096,"510 1ST ST SE Washington, DC"
6,337,H,ST,NE,0777 0052,"337 H ST NE Washington, DC"
6,310,E,ST,NE,0779 0054,"310 E ST NE Washington, DC"
6,1115,4TH,ST,NE,0805 0024,"1115 4TH ST NE Washington, DC"
6,1142,5TH,ST,NE,0805 0060,"1142 5TH ST NE Washington, DC"
6,1034,5TH,ST,NE,0806 0807,"1034 5TH ST NE Washington, DC"
6,1026,5TH,ST,NE,0806 0811,"1026 5TH ST NE Washington, DC"
6,410,K,ST,NE,0806 0818,"410 K ST NE Washington, DC"
6,515,M,ST,NE,0829 0039,"515 M ST NE Washington, DC"
6,1010,6TH,ST,NE,0830 0055,"1010 6TH ST NE Washington, DC"
6,512,H,ST,NE,0832 0013,"512 H ST NE Washington, DC"
6,529,G,ST,SE,0847 0810,"529 G ST SE Washington, DC"
6,622,I,ST,NE,0857 0032,"622 I ST NE Washington, DC"
6,1112,8TH,ST,NE,0886 0064,"1112 8TH ST NE Washington, DC"
6,715,K,ST,NE,0888 0029,"715 K ST NE Washington, DC"
6,710,H,ST,NE,0889 0007,"710 H ST NE Washington, DC"
6,807,7TH,ST,NE,0889 0016,"807 7TH ST NE Washington, DC"
6,816,8TH,ST,NE,0889 0029,"816 8TH ST NE Washington, DC"
6,820,8TH,ST,NE,0889 0038,"820 8TH ST NE Washington, DC"
6,716,A,ST,NE,0896 0810,"716 A ST NE Washington, DC"
6,1010,9TH,ST,NE,0909 0808,"1010 9TH ST NE Washington, DC"
6,625,8TH,ST,NE,0913 0814,"625 8TH ST NE Washington, DC"
6,813,G,ST,NE,0913 0829,"813 G ST NE Washington, DC"
6,330,9TH,ST,NE,0916 0817,"330 9TH ST NE Washington, DC"
6,916-918,H,ST,NE,0933 0801,"916-918 H ST NE Washington, DC"
6,102,9TH,ST,SE,0943 0801,"102 9TH ST SE Washington, DC"
6,231,10TH,ST,SE,0944 0040,"231 10TH ST SE Washington, DC"
6,910,G,ST,SE,0949 0057,"910 G ST SE Washington, DC"
6,1014,K,ST,NE,0956 0014,"1014 K ST NE Washington, DC"
6,1000,C,ST,NE,0963 0803,"1000 C ST NE Washington, DC"
6,114,11TH,ST,NE,0965 0052,"114 11TH ST NE Washington, DC"
6,1010,G,ST,SE,0973 0054,"1010 G ST SE Washington, DC"
6,1111,H,ST,NE,0982 0057,"1111 H ST NE Washington, DC"
6,935,12TH,ST,NE,1002 0107,"935 12TH ST NE Washington, DC"
6,833,12TH,ST,NE,1002 0108,"833 12TH ST NE Washington, DC"
6,1206,WYLIE,ST,NE,1003 0090,"1206 WYLIE ST NE Washington, DC"
6,819,12TH,ST,NE,1003 0127,"819 12TH ST NE Washington, DC"
6,1366,H,ST,NE,1026 0152,"1366 H ST NE Washington, DC"
6,1334,MARYLAND,AVE,NE,1027 0034,"1334 MARYLAND AVE NE Washington, DC"
6,1381,H,ST,NE,1027 0835,"1381 H ST NE Washington, DC"
6,227,TENNESSEE,AVE,NE,1033 0127,"227 TENNESSEE AVE NE Washington, DC"
6,220,14TH,ST,NE,1033 0132,"220 14TH ST NE Washington, DC"
6,750,13TH,ST,SE,1045 0804,"750 13TH ST SE Washington, DC"
6,519,TENNESSEE,AVE,NE,1053N 0018,"519 TENNESSEE AVE NE Washington, DC"
6,1407,SOUTH CAROLINA,AVE,SE,1060 0068,"1407 SOUTH CAROLINA AVE SE Washington, DC"
6,1437,PENNSYLVANIA,AVE,SE,1065 0812,"1437 PENNSYLVANIA AVE SE Washington, DC"
6,1523,A,ST,SE,1072 0816,"1523 A ST SE Washington, DC"
6,1509,D,ST,SE,1075 0074,"1509 D ST SE Washington, DC"
6,121,16TH,ST,NE,1083 0040,"121 16TH ST NE Washington, DC"
6,27,17TH,ST,SE,1085 0808,"27 17TH ST SE Washington, DC"
6,1610,MASSACHUSETTS,AVE,SE,1087 0081,"1610 MASSACHUSETTS AVE SE Washington, DC"
6,1607,A,ST,NE,1084 0057,"1607 A ST NE Washington, DC"
6,1751,A,ST,SE,1097 0063,"1751 A ST SE Washington, DC"
6,1709,INDEPENDENCE,AVE,SE,1098 0074,"1709 INDEPENDENCE AVE SE Washington, DC"
6,1826,INDEPENDENCE,AVE,SE,1111 0102,"1826 INDEPENDENCE AVE SE Washington, DC"
6,1822,C,ST,NE,1112 0149,"1822 C ST NE Washington, DC"
6,212,21ST,ST,NE,1125 0020,"212 21ST ST NE Washington, DC"
6,706,16TH,ST,NE,4509 0084,"706 16TH ST NE Washington, DC"
6,711,16TH,ST,NE,4510 0808,"711 16TH ST NE Washington, DC"
6,718,19TH,ST,NE,4513 0041,"718 19TH ST NE Washington, DC"
6,731,18TH,ST,NE,4513 0063,"731 18TH ST NE Washington, DC"
6,1835,BENNING,RD,NE,4513 0875,"1835 BENNING RD NE Washington, DC"
6,1630,KRAMER,ST,NE,4540 0194,"1630 KRAMER ST NE Washington, DC"
6,1607,ISHERWOOD,ST,NE,4545 0130,"1607 ISHERWOOD ST NE Washington, DC"
6,1728,D,ST,SE,4546 0157,"1728 D ST SE Washington, DC"
6,1832,D,ST,NE,4547 0060,"1832 D ST NE Washington, DC"
6,323,18TH,ST,NE,4560 0097,"323 18TH ST NE Washington, DC"
6,320,19TH,ST,NE,4560 0197,"320 19TH ST NE Washington, DC"
6,1822,C,ST,NE,4560 0220,"1822 C ST NE Washington, DC"
6,1707,D,ST,NE,4561 0217,"1707 D ST NE Washington, DC"
6,326,17TH,ST,NE,4561 0230,"326 17TH ST NE Washington, DC"
6,1519,D,ST,NE,4564 0104,"1519 D ST NE Washington, DC"
6,615,15TH,ST,NE,4541 0043,"615 15TH ST NE Washington, DC"
7,3214,DUBOIS,PL,SE,2884 0147,"3214 DUBOIS PL SE Washington, DC"
7,530,23RD,PL,NE,4516 0104,"530 23RD PL NE Washington, DC"
7,2004,E,ST,NE,4526 0066,"2004 E ST NE Washington, DC"
7,1921,ROSEDALE,ST,NE,4527 0018,"1921 ROSEDALE ST NE Washington, DC"
7,1914,ROSEDALE,ST,NE,4528 0019,"1914 ROSEDALE ST NE Washington, DC"
7,440,20TH,ST,NE,4549 0090,"440 20TH ST NE Washington, DC"
7,3351,BLAINE,ST,NE,5000 0020,"3351 BLAINE ST NE Washington, DC"
7,3378,ALDEN,PL,NE,5000 0050,"3378 ALDEN PL NE Washington, DC"
7,114,33RD,ST,NE,5000W 0047,"114 33RD ST NE Washington, DC"
7,246,34TH,ST,NE,5001 0016,"246 34TH ST NE Washington, DC"
7,230,34TH,ST,NE,5001 0024,"230 34TH ST NE Washington, DC"
7,3356,BLAINE,ST,NE,5001S 0042,"3356 BLAINE ST NE Washington, DC"
7,3346,BLAINE,ST,NE,5001S 0047,"3346 BLAINE ST NE Washington, DC"
7,3320,BLAINE,ST,NE,5001S 0061,"3320 BLAINE ST NE Washington, DC"
7,205,33RD,ST,NE,5001S 0066,"205 33RD ST NE Washington, DC"
7,211,33RD,ST,NE,5001S 0069,"211 33RD ST NE Washington, DC"
7,215,33RD,ST,NE,5001S 0076,"215 33RD ST NE Washington, DC"
7,242,33RD,ST,NE,5001W 0012,"242 33RD ST NE Washington, DC"
7,218,33RD,ST,NE,5001W 0024,"218 33RD ST NE Washington, DC"
7,405,34TH,ST,NE,5017 0048,"405 34TH ST NE Washington, DC"
7,411,34TH,ST,NE,5017 0051,"411 34TH ST NE Washington, DC"
7,3451,EADS,ST,NE,5017 0123,"3451 EADS ST NE Washington, DC"
7,3453,EADS,ST,NE,5017 0124,"3453 EADS ST NE Washington, DC"
7,301,34TH,ST,NE,5018 0051,"301 34TH ST NE Washington, DC"
7,328,36TH,ST,NE,5018 0096,"328 36TH ST NE Washington, DC"
7,136,36TH,ST,NE,5046 0033,"136 36TH ST NE Washington, DC"
7,126,36TH,ST,NE,5046 0038,"126 36TH ST NE Washington, DC"
7,28,35TH,ST,NE,5046W 0041,"28 35TH ST NE Washington, DC"
7,26,35TH,ST,NE,5046W 0042,"26 35TH ST NE Washington, DC"
7,206,35TH,ST,NE,5046W 0068,"206 35TH ST NE Washington, DC"
7,3989,BLAINE,ST,NE,5049 0187,"3989 BLAINE ST NE Washington, DC"
7,3917,BLAINE,ST,NE,5049 0806,"3917 BLAINE ST NE Washington, DC"
7,3966,AMES,ST,NE,5049 0821,"3966 AMES ST NE Washington, DC"
7,4118,LANE,PL,NE,5072 0811,"4118 LANE PL NE Washington, DC"
7,4063,GRANT,ST,NE,5078 0065,"4063 GRANT ST NE Washington, DC"
7,300,41ST,ST,NE,5083 0177,"300 41ST ST NE Washington, DC"
7,4244,CLAY,ST,NE,5088 0851,"4244 CLAY ST NE Washington, DC"
7,4244,CLAY,ST,NE,5088 0854,"4244 CLAY ST NE Washington, DC"
7,4219,FOOTE,ST,NE,5091 0023,"4219 FOOTE ST NE Washington, DC"
7,526,44TH,ST,NE,5091 0842,"526 44TH ST NE Washington, DC"
7,4203,HAYES,ST,NE,5093 0122,"4203 HAYES ST NE Washington, DC"
7,4217,HAYES,ST,NE,5093 0168,"4217 HAYES ST NE Washington, DC"
7,4502,JAY,ST,NE,5126 0077,"4502 JAY ST NE Washington, DC"
7,4504,HUNT,PL,NE,5127 0094,"4504 HUNT PL NE Washington, DC"
7,822,46TH,ST,NE,5127 0822,"822 46TH ST NE Washington, DC"
7,4406,HAYES,ST,NE,5128 0009,"4406 HAYES ST NE Washington, DC"
7,4410,GAULT,PL,NE,5129 0811,"4410 GAULT PL NE Washington, DC"
7,4517,GAULT,PL,NE,5129 0817,"4517 GAULT PL NE Washington, DC"
7,4503,GRANT,ST,NE,5130 0045,"4503 GRANT ST NE Washington, DC"
7,4406,EADS,ST,NE,5131 0054,"4406 EADS ST NE Washington, DC"
7,4510,EDSON,PL,NE,5132 0082,"4510 EDSON PL NE Washington, DC"
7,529,45TH,ST,NE,5132 0141,"529 45TH ST NE Washington, DC"
7,528,47TH,ST,NE,5132 0146,"528 47TH ST NE Washington, DC"
7,4525,EDSON,PL,NE,5132 0820,"4525 EDSON PL NE Washington, DC"
7,224,46TH,PL,NE,5137 0050,"224 46TH PL NE Washington, DC"
7,4515,BROOKS,ST,NE,5137 0081,"4515 BROOKS ST NE Washington, DC"
7,102,47TH,ST,NE,5138 0040,"102 47TH ST NE Washington, DC"
7,143,48TH,PL,NE,5140 0021,"143 48TH PL NE Washington, DC"
7,137,47TH,ST,NE,5140 0800,"137 47TH ST NE Washington, DC"
7,4712,BLAINE,ST,NE,5141 0053,"4712 BLAINE ST NE Washington, DC"
7,213,47TH,ST,NE,5141 0073,"213 47TH ST NE Washington, DC"
7,4706,CLAY,ST,NE,5142 0805,"4706 CLAY ST NE Washington, DC"
7,4710,EADS,ST,NE,5144 0011,"4710 EADS ST NE Washington, DC"
7,4601,GRANT,ST,NE,5145 0010,"4601 GRANT ST NE Washington, DC"
7,4605,GRANT,ST,NE,5145 0012,"4605 GRANT ST NE Washington, DC"
7,4705,JAY,ST,NE,5150 0144,"4705 JAY ST NE Washington, DC"
7,817,46TH,ST,NE,5150 0806,"817 46TH ST NE Washington, DC"
7,4631,HUNT,PL,NE,5150 0808,"4631 HUNT PL NE Washington, DC"
7,905,47TH,PL,NE,5151 0024,"905 47TH PL NE Washington, DC"
7,4724,JAY,ST,NE,5151 0040,"4724 JAY ST NE Washington, DC"
7,915,47TH,PL,NE,5151 0103,"915 47TH PL NE Washington, DC"
7,1059,48TH,ST,NE,5153 0024,"1059 48TH ST NE Washington, DC"
7,4506,LEE,ST,NE,5155 0146,"4506 LEE ST NE Washington, DC"
7,4502,LEE,ST,NE,5155 0148,"4502 LEE ST NE Washington, DC"
7,1126,48TH,ST,NE,5156 0065,"1126 48TH ST NE Washington, DC"
7,1132,45TH,ST,NE,5157 0045,"1132 45TH ST NE Washington, DC"
7,4815,MEADE,ST,NE,5158 0811,"4815 MEADE ST NE Washington, DC"
7,4623,MINNESOTA,AVE,NE,5160 0083,"4623 MINNESOTA AVE NE Washington, DC"
7,4720,MEADE,ST,NE,5160 0087,"4720 MEADE ST NE Washington, DC"
7,1220,47TH,PL,NE,5160 0812,"1220 47TH PL NE Washington, DC"
7,1420,EASTERN,AVE,NE,5171 0062,"1420 EASTERN AVE NE Washington, DC"
7,1310,EASTERN,AVE,NE,5172 0006,"1310 EASTERN AVE NE Washington, DC"
7,1323,49TH,ST,NE,5172 0806,"1323 49TH ST NE Washington, DC"
7,1107,50TH,PL,NE,5174 0021,"1107 50TH PL NE Washington, DC"
7,1118,50TH,ST,NE,5174 0816,"1118 50TH ST NE Washington, DC"
7,5007,LEE,ST,NE,5175 0064,"5007 LEE ST NE Washington, DC"
7,4921,LEE,ST,NE,5175 0090,"4921 LEE ST NE Washington, DC"
7,5116,JUST,ST,NE,5176 0266,"5116 JUST ST NE Washington, DC"
7,5161,SHERIFF,RD,NE,5176 0269,"5161 SHERIFF RD NE Washington, DC"
7,4929,SHERIFF,RD,NE,5176 0872,"4929 SHERIFF RD NE Washington, DC"
7,4915,JUST,ST,NE,5176 0918,"4915 JUST ST NE Washington, DC"
7,4982,JUST,ST,NE,5176 1004,"4982 JUST ST NE Washington, DC"
7,5063,SHERIFF,RD,NE,5176 1018,"5063 SHERIFF RD NE Washington, DC"
7,4934,JUST,ST,NE,5176 1023,"4934 JUST ST NE Washington, DC"
7,826,51ST,ST,NE,5177 0184,"826 51ST ST NE Washington, DC"
7,816,51ST,ST,NE,5177 0189,"816 51ST ST NE Washington, DC"
7,834,50TH,PL,NE,5177W 0015,"834 50TH PL NE Washington, DC"
7,730,50TH,ST,NE,5179 0032,"730 50TH ST NE Washington, DC"
7,737,50TH,ST,NE,5179 0086,"737 50TH ST NE Washington, DC"
7,635,49TH,ST,NE,5182 0034,"635 49TH ST NE Washington, DC"
7,4941,BLAINE,ST,NE,5189 0042,"4941 BLAINE ST NE Washington, DC"
7,730,51ST,ST,NE,5197 0061,"730 51ST ST NE Washington, DC"
7,824,52ND,ST,NE,5198W 0067,"824 52ND ST NE Washington, DC"
7,5215,JUST,ST,NE,5199 0106,"5215 JUST ST NE Washington, DC"
7,5050,SHERIFF,RD,NE,5200 0097,"5050 SHERIFF RD NE Washington, DC"
7,4925,NANNIE HELLEN BURROUGHS,AVE,NE,5201 0808,"4925 NANNIE HELLEN BURROUGHS AVE NE Washington, DC"
7,5048,MEADE,ST,NE,5202 0047,"5048 MEADE ST NE Washington, DC"
7,5046,MEADE,ST,NE,5202 0048,"5046 MEADE ST NE Washington, DC"
7,5040,MEADE,ST,NE,5202 0051,"5040 MEADE ST NE Washington, DC"
7,5038,MEADE,ST,NE,5202 0052,"5038 MEADE ST NE Washington, DC"
7,5517,HUNT,PL,NE,5204 0010,"5517 HUNT PL NE Washington, DC"
7,5520,HUNT,PL,NE,5204 0034,"5520 HUNT PL NE Washington, DC"
7,5304,JAMES,PL,NE,5206 0038,"5304 JAMES PL NE Washington, DC"
7,5358,HAYES,ST,NE,5208 0058,"5358 HAYES ST NE Washington, DC"
7,5355,HAYES,ST,NE,5209 0023,"5355 HAYES ST NE Washington, DC"
7,5316,GAY,ST,NE,5209 0057,"5316 GAY ST NE Washington, DC"
7,611,DIVISION,AVE,NE,5220 0013,"611 DIVISION AVE NE Washington, DC"
7,5508,EADS,ST,NE,5225 0806,"5508 EADS ST NE Washington, DC"
7,420,57TH,ST,NE,5229 0050,"420 57TH ST NE Washington, DC"
7,5417,EADS,ST,NE,5231 0017,"5417 EADS ST NE Washington, DC"
7,302,DIVISION,AVE,NE,5234 0079,"302 DIVISION AVE NE Washington, DC"
7,5207,CLAY,ST,NE,5239 0022,"5207 CLAY ST NE Washington, DC"
7,119,DIVISION,AVE,NE,5242 0879,"119 DIVISION AVE NE Washington, DC"
7,120,53RD,ST,NE,5242 0887,"120 53RD ST NE Washington, DC"
7,5354,EAST CAPITOL,ST,NE,5243 0005,"5354 EAST CAPITOL ST NE Washington, DC"
7,5348,EAST CAPITOL,ST,NE,5243 0008,"5348 EAST CAPITOL ST NE Washington, DC"
7,5349,AMES,ST,NE,5243 0053,"5349 AMES ST NE Washington, DC"
7,5342,AMES,ST,NE,5243 0074,"5342 AMES ST NE Washington, DC"
7,325,57TH,ST,NE,5247 0082,"325 57TH ST NE Washington, DC"
7,312,57TH,ST,NE,5248 0071,"312 57TH ST NE Washington, DC"
7,5643,CLAY,PL,NE,5248 0105,"5643 CLAY PL NE Washington, DC"
7,311,56TH,ST,NE,5249 0078,"311 56TH ST NE Washington, DC"
7,201,57TH,ST,NE,5249 0105,"201 57TH ST NE Washington, DC"
7,275,56TH,ST,NE,5249 0129,"275 56TH ST NE Washington, DC"
7,238,56TH,PL,NE,5249 0147,"238 56TH PL NE Washington, DC"
7,264,56TH,ST,NE,5250 0134,"264 56TH ST NE Washington, DC"
7,5826,FIELD,PL,NE,5255 0819,"5826 FIELD PL NE Washington, DC"
7,529,59TH,ST,NE,5258 0046,"529 59TH ST NE Washington, DC"
7,413,60TH,ST,NE,5261 0803,"413 60TH ST NE Washington, DC"
7,5810,DIX,ST,NE,5263 0009,"5810 DIX ST NE Washington, DC"
7,323,58TH,ST,NE,5264 0058,"323 58TH ST NE Washington, DC"
7,332,62ND,ST,NE,5267 0806,"332 62ND ST NE Washington, DC"
7,6211,DIX,ST,NE,5268 0045,"6211 DIX ST NE Washington, DC"
7,324,EASTERN,AVE,NE,5269 0009,"324 EASTERN AVE NE Washington, DC"
7,215,63RD,ST,NE,5269 0036,"215 63RD ST NE Washington, DC"
7,6136,BANKS,PL,NE,5271 0024,"6136 BANKS PL NE Washington, DC"
7,6112,BANKS,PL,NE,5271 0032,"6112 BANKS PL NE Washington, DC"
7,6109,CLAY,ST,NE,5271 0804,"6109 CLAY ST NE Washington, DC"
7,36,58TH,ST,SE,5279 0040,"36 58TH ST SE Washington, DC"
7,126,56TH,ST,SE,5282 0061,"126 56TH ST SE Washington, DC"
7,1,54TH,ST,SE,5284 0047,"1 54TH ST SE Washington, DC"
7,50,53RD,ST,SE,5284 0091,"50 53RD ST SE Washington, DC"
7,38,53RD,ST,SE,5284 0097,"38 53RD ST SE Washington, DC"
7,28,53RD,ST,SE,5284 0102,"28 53RD ST SE Washington, DC"
7,28,54TH,ST,SE,5285 0205,"28 54TH ST SE Washington, DC"
7,5033,EAST CAPITOL,ST,SE,5286 0890,"5033 EAST CAPITOL ST SE Washington, DC"
7,5426,B,ST,SE,5290 0077,"5426 B ST SE Washington, DC"
7,5543,CENTRAL,AVE,SE,5290 0123,"5543 CENTRAL AVE SE Washington, DC"
7,5548,BASS,PL,SE,5291 0042,"5548 BASS PL SE Washington, DC"
7,5443,B,ST,SE,5291 0076,"5443 B ST SE Washington, DC"
7,5615,B,ST,SE,5291 0098,"5615 B ST SE Washington, DC"
7,5619,B,ST,SE,5291 0100,"5619 B ST SE Washington, DC"
7,5411,BASS,PL,SE,5292 0087,"5411 BASS PL SE Washington, DC"
7,5507,BASS,PL,SE,5292 0107,"5507 BASS PL SE Washington, DC"
7,5416,CALL,PL,SE,5293 0024,"5416 CALL PL SE Washington, DC"
7,5335,DRAKE,PL,SE,5299 0010,"5335 DRAKE PL SE Washington, DC"
7,5348,DRAKE,PL,SE,5300 0028,"5348 DRAKE PL SE Washington, DC"
7,5348,CALL,PL,SE,5302 0032,"5348 CALL PL SE Washington, DC"
7,5317,B,ST,SE,5304 0005,"5317 B ST SE Washington, DC"
7,5359,CENTRAL,AVE,SE,5305 0077,"5359 CENTRAL AVE SE Washington, DC"
7,5318,B,ST,SE,5305 0099,"5318 B ST SE Washington, DC"
7,5116,A,ST,SE,5307 0810,"5116 A ST SE Washington, DC"
7,119,53RD,ST,SE,5309 0035,"119 53RD ST SE Washington, DC"
7,5131,CALL,PL,SE,5313 0008,"5131 CALL PL SE Washington, DC"
7,5207,E,ST,SE,5316 0809,"5207 E ST SE Washington, DC"
7,5032,C,ST,SE,5324 0024,"5032 C ST SE Washington, DC"
7,5024,A,ST,SE,5328 0022,"5024 A ST SE Washington, DC"
7,5040,A,ST,SE,5328 0026,"5040 A ST SE Washington, DC"
7,4928,ASTOR,PL,SE,5332 0023,"4928 ASTOR PL SE Washington, DC"
7,4932,ASTOR,PL,SE,5332 0024,"4932 ASTOR PL SE Washington, DC"
7,5010,BENNING,RD,SE,5340 0068,"5010 BENNING RD SE Washington, DC"
7,5111,H,ST,SE,5340E 0019,"5111 H ST SE Washington, DC"
7,5029,HANNA,PL,SE,5341 0030,"5029 HANNA PL SE Washington, DC"
7,726,51ST,ST,SE,5341E 0026,"726 51ST ST SE Washington, DC"
7,4715,B,ST,SE,5347 0012,"4715 B ST SE Washington, DC"
7,4608,BASS,PL,SE,5347 0061,"4608 BASS PL SE Washington, DC"
7,4686,A,ST,SE,5349 0025,"4686 A ST SE Washington, DC"
7,4672,A,ST,SE,5349 0030,"4672 A ST SE Washington, DC"
7,4638,A,ST,SE,5349 0041,"4638 A ST SE Washington, DC"
7,4720,B,ST,SE,5349S 0031,"4720 B ST SE Washington, DC"
7,4712,B,ST,SE,5349S 0034,"4712 B ST SE Washington, DC"
7,4677,A,ST,SE,5349S 0082,"4677 A ST SE Washington, DC"
7,4416,B,ST,SE,5350 0023,"4416 B ST SE Washington, DC"
7,4477,C,ST,SE,5352 0036,"4477 C ST SE Washington, DC"
7,4479,C,ST,SE,5352 0037,"4479 C ST SE Washington, DC"
7,4649,H,ST,SE,5362 0118,"4649 H ST SE Washington, DC"
7,1161,46TH,PL,SE,5362 0149,"1161 46TH PL SE Washington, DC"
7,5041,BENNING,RD,SE,5362 0185,"5041 BENNING RD SE Washington, DC"
7,4620,EASY,PL,SE,5363 0172,"4620 EASY PL SE Washington, DC"
7,1211,46TH,ST,SE,5364 0850,"1211 46TH ST SE Washington, DC"
7,1540,42ND,ST,SE,5368 0005,"1540 42ND ST SE Washington, DC"
7,4252,SOUTHERN,AVE,SE,5368 0019,"4252 SOUTHERN AVE SE Washington, DC"
7,1531,FORT DUPONT,ST,SE,5369 0064,"1531 FORT DUPONT ST SE Washington, DC"
7,1251,42ND,ST,SE,5369N 2088,"1251 42ND ST SE Washington, DC"
7,4118,SOUTHERN,AVE,SE,5371 0088,"4118 SOUTHERN AVE SE Washington, DC"
7,4236,NASH,ST,SE,5373 0003,"4236 NASH ST SE Washington, DC"
7,4428,ALABAMA,AVE,SE,5382 0826,"4428 ALABAMA AVE SE Washington, DC"
7,4213,H,ST,SE,5383 0023,"4213 H ST SE Washington, DC"
7,721,ADRIAN,ST,SE,5391 0031,"721 ADRIAN ST SE Washington, DC"
7,605,BURNS,ST,SE,5391E 0014,"605 BURNS ST SE Washington, DC"
7,4312,G,ST,SE,5392 0043,"4312 G ST SE Washington, DC"
7,4305,GORMAN,TER,SE,5392 0080,"4305 GORMAN TER SE Washington, DC"
7,4342,GORMAN,TER,SE,5392 0104,"4342 GORMAN TER SE Washington, DC"
7,656,CHAPLIN,ST,SE,5393 0027,"656 CHAPLIN ST SE Washington, DC"
7,533,HILLTOP,TER,SE,5394 0107,"533 HILLTOP TER SE Washington, DC"
7,4009,E,ST,SE,5396 0028,"4009 E ST SE Washington, DC"
7,4331,DUBOIS,PL,SE,5399 0094,"4331 DUBOIS PL SE Washington, DC"
7,1,RIDGE,RD,SE,5410 0027,"1 RIDGE RD SE Washington, DC"
7,3321,B,ST,SE,5417 0072,"3321 B ST SE Washington, DC"
7,2401,BENNING,RD,NE,4517 0822,"2401 BENNING RD NE Washington, DC"
7,3325,CROFFUT,PL,SE,5427 0071,"3325 CROFFUT PL SE Washington, DC"
7,3351,CROFFUT,PL,SE,5427 0084,"3351 CROFFUT PL SE Washington, DC"
7,3214,DUBOIS,PL,SE,5429 0020,"3214 DUBOIS PL SE Washington, DC"
7,3328,D,ST,SE,5431 0053,"3328 D ST SE Washington, DC"
7,3357,DUBOIS,PL,SE,5431 0080,"3357 DUBOIS PL SE Washington, DC"
7,3312,DUBOIS,PL,SE,5432 0807,"3312 DUBOIS PL SE Washington, DC"
7,3326,E,ST,SE,5445 0800,"3326 E ST SE Washington, DC"
7,3236,E,ST,SE,5446 0048,"3236 E ST SE Washington, DC"
7,3205,D,ST,SE,5447 0040,"3205 D ST SE Washington, DC"
7,3317,E,ST,SE,5452 0017,"3317 E ST SE Washington, DC"
7,3313,E,ST,SE,5452 0807,"3313 E ST SE Washington, DC"
7,3208,G,ST,SE,5464 0043,"3208 G ST SE Washington, DC"
7,715,31ST,ST,SE,5480 0039,"715 31ST ST SE Washington, DC"
7,716,BAYLEY,PL,SE,5480 0809,"716 BAYLEY PL SE Washington, DC"
7,817,30TH,ST,SE,5481 0011,"817 30TH ST SE Washington, DC"
7,1130,BRANCH,AVE,SE,5498 0110,"1130 BRANCH AVE SE Washington, DC"
7,3116,M,PL,SE,5500 0035,"3116 M PL SE Washington, DC"
7,3031,K,ST,SE,5502 0013,"3031 K ST SE Washington, DC"
7,3016,M,PL,SE,5502 0026,"3016 M PL SE Washington, DC"
7,1213,34TH,ST,SE,5509 0062,"1213 34TH ST SE Washington, DC"
7,3439,MASSACHUSETTS,AVE,SE,5511 0115,"3439 MASSACHUSETTS AVE SE Washington, DC"
7,3967,ALABAMA,AVE,SE,5518 0065,"3967 ALABAMA AVE SE Washington, DC"
7,1668,FORT DAVIS,ST,SE,5519 0004,"1668 FORT DAVIS ST SE Washington, DC"
7,1667,FORT DAVIS,PL,SE,5519 0043,"1667 FORT DAVIS PL SE Washington, DC"
7,1740,40TH,ST,SE,5523 0031,"1740 40TH ST SE Washington, DC"
7,3699,HIGHWOOD,DR,SE,5534 0026,"3699 HIGHWOOD DR SE Washington, DC"
7,3528,HIGHWOOD,DR,SE,5537 0002,"3528 HIGHWOOD DR SE Washington, DC"
7,1734,33RD,PL,SE,5538 0090,"1734 33RD PL SE Washington, DC"
7,3250,POPE,ST,SE,5541 0032,"3250 POPE ST SE Washington, DC"
7,3100,O,ST,SE,5543 0832,"3100 O ST SE Washington, DC"
7,2916,PENNSYLVANIA,AVE,SE,5546 0005,"2916 PENNSYLVANIA AVE SE Washington, DC"
7,2920,PENNSYLVANIA,AVE,SE,5546 0806,"2920 PENNSYLVANIA AVE SE Washington, DC"
7,2721,N,ST,SE,5552 0067,"2721 N ST SE Washington, DC"
7,2720,O,ST,SE,5552 0800,"2720 O ST SE Washington, DC"
7,2704,MINNESOTA,AVE,SE,5555 0042,"2704 MINNESOTA AVE SE Washington, DC"
7,2624,MINNESOTA,AVE,SE,5555 0805,"2624 MINNESOTA AVE SE Washington, DC"
7,2304,NICHOLSON,ST,SE,5560 0048,"2304 NICHOLSON ST SE Washington, DC"
7,2522,Q,ST,SE,5580 0808,"2522 Q ST SE Washington, DC"
7,2713,PENNSYLVANIA,AVE,SE,5581 0020,"2713 PENNSYLVANIA AVE SE Washington, DC"
7,1511,28TH,ST,SE,5581 0027,"1511 28TH ST SE Washington, DC"
7,1610,29TH,ST,SE,5584 0810,"1610 29TH ST SE Washington, DC"
7,1606,29TH,ST,SE,5584 0812,"1606 29TH ST SE Washington, DC"
7,1610,27TH,ST,SE,5585 0005,"1610 27TH ST SE Washington, DC"
7,2918,W,ST,SE,5639 0815,"2918 W ST SE Washington, DC"
7,2215,31ST,ST,SE,5652 0837,"2215 31ST ST SE Washington, DC"
7,3620,SUITLAND,RD,SE,5671 0016,"3620 SUITLAND RD SE Washington, DC"
7,2315,BRANCH,AVE,SE,5678 0800,"2315 BRANCH AVE SE Washington, DC"
7,3706,SOUTHERN,AVE,SE,5684 0020,"3706 SOUTHERN AVE SE Washington, DC"
7,2525,33RD,ST,SE,5690 0803,"2525 33RD ST SE Washington, DC"
7,2506,33RD,ST,SE,5691 0006,"2506 33RD ST SE Washington, DC"
7,2529,34TH,ST,SE,5692 0819,"2529 34TH ST SE Washington, DC"
7,2612,33RD,ST,SE,5699 0006,"2612 33RD ST SE Washington, DC"
7,4604,JAY,ST,SE,5951 0073,"4604 JAY ST SE Washington, DC"
8,1213,MORRIS,RD,SE,2932 0047,"1213 MORRIS RD SE Washington, DC"
8,2302,MINNESOTA,AVE,SE,5561 0089,"2302 MINNESOTA AVE SE Washington, DC"
8,2241,PROUT,ST,SE,5561 0803,"2241 PROUT ST SE Washington, DC"
8,1615,FAIRLAWN,AVE,SE,5570 0023,"1615 FAIRLAWN AVE SE Washington, DC"
8,1503,19TH,ST,SE,5572 0035,"1503 19TH ST SE Washington, DC"
8,1906,Q,ST,SE,5573 0078,"1906 Q ST SE Washington, DC"
8,2314,PARK,PL,SE,5578 0002,"2314 PARK PL SE Washington, DC"
8,1514,WHITE,PL,SE,5578 0089,"1514 WHITE PL SE Washington, DC"
8,2314,NAYLOR,RD,SE,5587 0011,"2314 NAYLOR RD SE Washington, DC"
8,2228,R,ST,SE,5590 0805,"2228 R ST SE Washington, DC"
8,1844,MINNESOTA,AVE,SE,5594 0001,"1844 MINNESOTA AVE SE Washington, DC"
8,1820,MINNESOTA,AVE,SE,5594 0013,"1820 MINNESOTA AVE SE Washington, DC"
8,1816,MINNESOTA,AVE,SE,5594 0015,"1816 MINNESOTA AVE SE Washington, DC"
8,1726,R,ST,SE,5596 0046,"1726 R ST SE Washington, DC"
8,1322,RIDGE,PL,SE,5603 0075,"1322 RIDGE PL SE Washington, DC"
8,1339,RIDGE,PL,SE,5603 0092,"1339 RIDGE PL SE Washington, DC"
8,1411,RIDGE,PL,SE,5604 0215,"1411 RIDGE PL SE Washington, DC"
8,1528,S,ST,SE,5604 0818,"1528 S ST SE Washington, DC"
8,1413,T,ST,SE,5605 0819,"1413 T ST SE Washington, DC"
8,1425,MINNESOTA,AVE,SE,5606 0817,"1425 MINNESOTA AVE SE Washington, DC"
8,1724,16TH,ST,SE,5608 0152,"1724 16TH ST SE Washington, DC"
8,1718,16TH,ST,SE,5608 0155,"1718 16TH ST SE Washington, DC"
8,1615,R,ST,SE,5608 0175,"1615 R ST SE Washington, DC"
8,1629,R,ST,SE,5608 0182,"1629 R ST SE Washington, DC"
8,1614,RIDGE,PL,SE,5608 0198,"1614 RIDGE PL SE Washington, DC"
8,1623,RIDGE,PL,SE,5608 0207,"1623 RIDGE PL SE Washington, DC"
8,1814,17TH,ST,SE,5613 0038,"1814 17TH ST SE Washington, DC"
8,1721,MINNESOTA,AVE,SE,5614 0005,"1721 MINNESOTA AVE SE Washington, DC"
8,1900,18TH,ST,SE,5618 0008,"1900 18TH ST SE Washington, DC"
8,1950,GOOD HOPE,RD,SE,5618S 0001,"1950 GOOD HOPE RD SE Washington, DC"
8,2200,U,PL,SE,5619 0009,"2200 U PL SE Washington, DC"
8,2109,R,ST,SE,5622 0073,"2109 R ST SE Washington, DC"
8,2403,NAYLOR,RD,SE,5624 0821,"2403 NAYLOR RD SE Washington, DC"
8,2418,SOUTHERN,AVE,SE,5724W 0001,"2418 SOUTHERN AVE SE Washington, DC"
8,3446,24TH,ST,SE,5724W 0022,"3446 24TH ST SE Washington, DC"
8,1411,RIDGE,PL,SE,5724W 0031,"1411 RIDGE PL SE Washington, DC"
8,3427,25TH,ST,SE,5724W 0065,"3427 25TH ST SE Washington, DC"
8,2907,GAINESVILLE,ST,SE,5729 0073,"2907 GAINESVILLE ST SE Washington, DC"
8,2905,30TH,ST,SE,5729 0818,"2905 30TH ST SE Washington, DC"
8,2817,BUENA VISTA TER SE,TER,SE,5729W 0001,"2817 BUENA VISTA TER SE TER SE Washington, DC"
8,2477,ALABAMA,AVE,SE,5730 0199,"2477 ALABAMA AVE SE Washington, DC"
8,2481,ALABAMA,AVE,SE,5730 0201,"2481 ALABAMA AVE SE Washington, DC"
8,2549,ALABAMA,AVE,SE,5730 0885,"2549 ALABAMA AVE SE Washington, DC"
8,2721,NAYLOR,RD,SE,5733 0800,"2721 NAYLOR RD SE Washington, DC"
8,2316,GREEN,ST,SE,5754 0062,"2316 GREEN ST SE Washington, DC"
8,1625,W,ST,SE,5755 0119,"1625 W ST SE Washington, DC"
8,1763,W,ST,SE,5755 0826,"1763 W ST SE Washington, DC"
8,1626,U,ST,SE,5765 0868,"1626 U ST SE Washington, DC"
8,1604,U,ST,SE,5765 0879,"1604 U ST SE Washington, DC"
8,1435,GOOD HOPE,RD,SE,5767 1021,"1435 GOOD HOPE RD SE Washington, DC"
8,1924,MARTIN LUTHER KING JR,AVE,SE,5769 1018,"1924 MARTIN LUTHER KING JR AVE SE Washington, DC"
8,1531,U,ST,SE,5776 0812,"1531 U ST SE Washington, DC"
8,1631,U,ST,SE,5777 0814,"1631 U ST SE Washington, DC"
8,2102,16TH,ST,SE,5778 0116,"2102 16TH ST SE Washington, DC"
8,1338,W,ST,SE,5781 0801,"1338 W ST SE Washington, DC"
8,2116,13TH,ST,SE,5781 0809,"2116 13TH ST SE Washington, DC"
8,1131,CHICAGO,ST,SE,5790 0016,"1131 CHICAGO ST SE Washington, DC"
8,2243,14TH,ST,SE,5793 0163,"2243 14TH ST SE Washington, DC"
8,1334,VALLEY,PL,SE,5799 0847,"1334 VALLEY PL SE Washington, DC"
8,1364,VALLEY,PL,SE,5799 0984,"1364 VALLEY PL SE Washington, DC"
8,2242,MOUNT VIEW,PL,SE,5801 0899,"2242 MOUNT VIEW PL SE Washington, DC"
8,1311,MAPLE VIEW,PL,SE,5803 0883,"1311 MAPLE VIEW PL SE Washington, DC"
8,1303,MAPLE VIEW,PL,SE,5803 0892,"1303 MAPLE VIEW PL SE Washington, DC"
8,2314,CHESTER,ST,SE,5804 0916,"2314 CHESTER ST SE Washington, DC"
8,1213,MORRIS,RD,SE,5805 0807,"1213 MORRIS RD SE Washington, DC"
8,1330,DEXTER,TER,SE,5807 0882,"1330 DEXTER TER SE Washington, DC"
8,1350,DEXTER,TER,SE,5807 0922,"1350 DEXTER TER SE Washington, DC"
8,1503,MORRIS,RD,SE,5809 0169,"1503 MORRIS RD SE Washington, DC"
8,1412,MORRIS,RD,SE,5810 0009,"1412 MORRIS RD SE Washington, DC"
8,1401,BANGOR,ST,SE,5810 0014,"1401 BANGOR ST SE Washington, DC"
8,1433,BANGOR,ST,SE,5811 0042,"1433 BANGOR ST SE Washington, DC"
8,1480,BANGOR,ST,SE,5814 0030,"1480 BANGOR ST SE Washington, DC"
8,1824,GAINESVILLE,ST,SE,5821 0803,"1824 GAINESVILLE ST SE Washington, DC"
8,2529,18TH,ST,SE,5822 0824,"2529 18TH ST SE Washington, DC"
8,2407,17TH,PL,SE,5823 0047,"2407 17TH PL SE Washington, DC"
8,1712,FRANKFORD,ST,SE,5823 0074,"1712 FRANKFORD ST SE Washington, DC"
8,2478,ALABAMA,AVE,SE,5844 0818,"2478 ALABAMA AVE SE Washington, DC"
8,2422,ALABAMA,AVE,SE,5845 0072,"2422 ALABAMA AVE SE Washington, DC"
8,2420,ALABAMA,AVE,SE,5845 0073,"2420 ALABAMA AVE SE Washington, DC"
8,3105,22ND,ST,SE,5852 0015,"3105 22ND ST SE Washington, DC"
8,2609,WADE,RD,SE,5865 0222,"2609 WADE RD SE Washington, DC"
8,2625,WADE,RD,SE,5865 0932,"2625 WADE RD SE Washington, DC"
8,2633,WADE,RD,SE,5865 0939,"2633 WADE RD SE Washington, DC"
8,2800,POMEROY,RD,SE,5868 0138,"2800 POMEROY RD SE Washington, DC"
8,1331,TALBERT,TER,SE,5869 1057,"1331 TALBERT TER SE Washington, DC"
8,2407,POMEROY,RD,SE,5872 0916,"2407 POMEROY RD SE Washington, DC"
8,2529,ELVANS,RD,SE,5873 0058,"2529 ELVANS RD SE Washington, DC"
8,1737,STANTON,TER,SE,5881S 0005,"1737 STANTON TER SE Washington, DC"
8,1453,CONGRESS,PL,SE,5889 0011,"1453 CONGRESS PL SE Washington, DC"
8,1457,CONGRESS,PL,SE,5889 0012,"1457 CONGRESS PL SE Washington, DC"
8,1436,CONGRESS,PL,SE,5889 0034,"1436 CONGRESS PL SE Washington, DC"
8,3206,15TH,PL,SE,5890 0128,"3206 15TH PL SE Washington, DC"
8,1912,SAVANNAH,PL,SE,5892 0077,"1912 SAVANNAH PL SE Washington, DC"
8,3307,22ND,ST,SE,5895 0049,"3307 22ND ST SE Washington, DC"
8,3466,23RD,ST,SE,5896 0021,"3466 23RD ST SE Washington, DC"
8,3443,24TH,ST,SE,5896 0082,"3443 24TH ST SE Washington, DC"
8,3445,23RD,ST,SE,5897 0027,"3445 23RD ST SE Washington, DC"
8,3502,21ST,ST,SE,5898 0084,"3502 21ST ST SE Washington, DC"
8,3400,19TH,ST,SE,5900 0055,"3400 19TH ST SE Washington, DC"
8,2020,TREMONT,ST,SE,5900 0090,"2020 TREMONT ST SE Washington, DC"
8,1841,ALABAMA,AVE,SE,5901 0804,"1841 ALABAMA AVE SE Washington, DC"
8,1925,VALLEY,TER,SE,5905 0076,"1925 VALLEY TER SE Washington, DC"
8,1230,BARNABY,TER,SE,5921 0850,"1230 BARNABY TER SE Washington, DC"
8,4304,WHEELER,RD,SE,5922 0097,"4304 WHEELER RD SE Washington, DC"
8,1028,SOUTHERN,AVE,SE,5922 0142,"1028 SOUTHERN AVE SE Washington, DC"
8,1329,BARNABY,TER,SE,5923 0021,"1329 BARNABY TER SE Washington, DC"
8,1301,BARNABY,TER,SE,5923 0052,"1301 BARNABY TER SE Washington, DC"
8,4308,9TH,ST,SE,5924 0140,"4308 9TH ST SE Washington, DC"
8,1213,SAVANNAH,ST,SE,5937 0057,"1213 SAVANNAH ST SE Washington, DC"
8,1215,SAVANNAH,ST,SE,5937 0058,"1215 SAVANNAH ST SE Washington, DC"
8,910,SAVANNAH,ST,SE,5943 0032,"910 SAVANNAH ST SE Washington, DC"
8,2904,MARTIN LUTHER KING JR,AVE,SE,5951 0037,"2904 MARTIN LUTHER KING JR AVE SE Washington, DC"
8,655,LEBAUM,ST,SE,5951 0805,"655 LEBAUM ST SE Washington, DC"
8,612,RALEIGH,PL,SE,5952 0010,"612 RALEIGH PL SE Washington, DC"
8,612,ALABAMA,AVE,SE,5954 0018,"612 ALABAMA AVE SE Washington, DC"
8,646,ALABAMA,AVE,SE,5954 0808,"646 ALABAMA AVE SE Washington, DC"
8,3322,OXON RUN,RD,SE,5957 0078,"3322 OXON RUN RD SE Washington, DC"
8,712,CONGRESS,ST,SE,5958 0045,"712 CONGRESS ST SE Washington, DC"
8,767,UPSAL,ST,SE,5960 0017,"767 UPSAL ST SE Washington, DC"
8,718,MISSISSIPPI,AVE,SE,5960 0052,"718 MISSISSIPPI AVE SE Washington, DC"
8,409,SAVANNAH,ST,SE,5971 0034,"409 SAVANNAH ST SE Washington, DC"
8,3215,6TH,ST,SE,5976 0803,"3215 6TH ST SE Washington, DC"
8,542,OAKWOOD,ST,SE,5985 0044,"542 OAKWOOD ST SE Washington, DC"
8,355,PARKLAND,PL,SE,5988 0078,"355 PARKLAND PL SE Washington, DC"
8,3208,BROTHERS,PL,SE,5990 0810,"3208 BROTHERS PL SE Washington, DC"
8,409,OAKWOOD,ST,SE,5994 0007,"409 OAKWOOD ST SE Washington, DC"
8,404,ORANGE,ST,SE,5994 0046,"404 ORANGE ST SE Washington, DC"
8,408,NEWCOMB,ST,SE,5996 0047,"408 NEWCOMB ST SE Washington, DC"
8,400,NEWCOMB,ST,SE,5996 0805,"400 NEWCOMB ST SE Washington, DC"
8,420,MELLON,ST,SE,5997 0050,"420 MELLON ST SE Washington, DC"
8,214,NEWCOMB,ST,SE,5998 0808,"214 NEWCOMB ST SE Washington, DC"
8,509,OAKWOOD,ST,SE,6001 0030,"509 OAKWOOD ST SE Washington, DC"
8,3309,MARTIN LUTHER KING JR,AVE,SE,6004E 0005,"3309 MARTIN LUTHER KING JR AVE SE Washington, DC"
8,3342,BROTHERS,PL,SE,6004E 0045,"3342 BROTHERS PL SE Washington, DC"
8,115,TRENTON,PL,SE,6068 0807,"115 TRENTON PL SE Washington, DC"
8,3521,BROTHERS,PL,SE,6068 0820,"3521 BROTHERS PL SE Washington, DC"
8,50,MISSISSIPPI,AVE,SE,6116 0001,"50 MISSISSIPPI AVE SE Washington, DC"
8,3812,1ST,ST,SE,6117 0813,"3812 1ST ST SE Washington, DC"
8,800,XENIA,ST,SE,6123 0073,"800 XENIA ST SE Washington, DC"
8,477,VALLEY,AVE,SE,6126 0055,"477 VALLEY AVE SE Washington, DC"
8,497,VALLEY,AVE,SE,6126 0062,"497 VALLEY AVE SE Washington, DC"
8,116,YUMA,ST,SE,6128 0025,"116 YUMA ST SE Washington, DC"
8,114,YUMA,ST,SE,6128 0026,"114 YUMA ST SE Washington, DC"
8,125,XENIA,ST,SE,6128 0064,"125 XENIA ST SE Washington, DC"
8,128,YUMA,ST,SE,6128 0073,"128 YUMA ST SE Washington, DC"
8,3839,HALLEY,TER,SE,6129 0821,"3839 HALLEY TER SE Washington, DC"
8,3934,1ST,ST,SW,6149 0009,"3934 1ST ST SW Washington, DC"
8,129,YUMA,ST,SE,6152 0057,"129 YUMA ST SE Washington, DC"
8,819,YUMA,ST,SE,6157 0052,"819 YUMA ST SE Washington, DC"
8,816,HR,DR,SE,6159 0863,"816 HR DR SE Washington, DC"
8,826,H R,DR,SE,6159 0868,"826 H R DR SE Washington, DC"
8,851,MONTERIA,CT,SE,6159 0895,"851 MONTERIA CT SE Washington, DC"
8,618,CHESAPEAKE,ST,SE,6164 0051,"618 CHESAPEAKE ST SE Washington, DC"
8,420,CHESAPEAKE,ST,SE,6165 0808,"420 CHESAPEAKE ST SE Washington, DC"
8,413,ATLANTIC,ST,SE,6166 0800,"413 ATLANTIC ST SE Washington, DC"
8,103,BRANDYWINE,PL,SW,6173 0022,"103 BRANDYWINE PL SW Washington, DC"
8,137,DANBURY,ST,SW,6201 0917,"137 DANBURY ST SW Washington, DC"
8,613,FORRESTER,ST,SE,6212 0022,"613 FORRESTER ST SE Washington, DC"
8,137,DARRINGTON,ST,SW,6223 0003,"137 DARRINGTON ST SW Washington, DC"
8,101,DARRINGTON,ST,SW,6223 0038,"101 DARRINGTON ST SW Washington, DC"
8,120,DARRINGTON,ST,SW,6223S 0009,"120 DARRINGTON ST SW Washington, DC"
8,78,DARRINGTON,ST,SW,6223S 0023,"78 DARRINGTON ST SW Washington, DC"
8,70,DARRINGTON,ST,SW,6223S 0026,"70 DARRINGTON ST SW Washington, DC"
8,85,ELMIRA,ST,SW,6223S 0044,"85 ELMIRA ST SW Washington, DC"
8,68,FORRESTER,ST,SW,6239 0058,"68 FORRESTER ST SW Washington, DC"
8,95,FORRESTER,ST,SW,6240 0030,"95 FORRESTER ST SW Washington, DC"
8,714,BONINI,RD,SE,6249 0808,"714 BONINI RD SE Washington, DC"
8,640,SOUTHERN,AVE,SE,6250 0001,"640 SOUTHERN AVE SE Washington, DC"
8,135,JOLIET,ST,SW,6254 0026,"135 JOLIET ST SW Washington, DC"
8,623,ALABAMA,AVE,SE,PAR 02350066,"623 ALABAMA AVE SE Washington, DC"
8,2314,Park,PL,SE,5578 0002,"2314 Park PL SE Washington, DC"
